Model,R2,MSE
MeanBaseline,-0.00023662450226047405,11329.386410738283
LinearReg,0.8337013325801962,1883.6161530551442
RandomForest,0.9324347143610745,765.2921420830883
