Formula,True,Predicted,Error
C37H37N2O4+,760.0,460.9231185207949,299.0768814792051
C41H29NO,453.0,692.5649428341986,239.56494283419863
C41H29NO,925.2750809,692.5649428341986,232.7101380658014
C41H29NO,925.2750809,692.5649428341986,232.7101380658014
C41H29NO,922.2903226,692.5649428341986,229.72537976580134
